seed,scenario,policy,contamination,delay,static_attack_f1,adaptive_attack_f1,delta,events,accepted_feedback,false_adaptations,threshold
42,static,static,0.0,1,0.8800696257615318,0.8800696257615318,0.0,0,0,0,0.09462381143491583
42,static,drift,0.0,1,0.8800696257615318,0.8860803324099723,0.0060107066484405,12,3000,0,0.09462381143491583
42,static,anchor_replay,0.0,1,0.8800696257615318,0.8872362504323763,0.007166624670844501,12,2564,0,0.09462381143491583
42,static,static,0.0,3,0.8800696257615318,0.8800696257615318,0.0,0,0,0,0.09462381143491583
42,static,drift,0.0,3,0.8800696257615318,0.8831800034716195,0.0031103777100877084,12,3000,0,0.09462381143491583
42,static,anchor_replay,0.0,3,0.8800696257615318,0.8833738285317598,0.0033042027702280263,12,2558,0,0.09462381143491583
42,static,static,0.0,5,0.8800696257615318,0.8800696257615318,0.0,0,0,0,0.09462381143491583
42,static,drift,0.0,5,0.8800696257615318,0.881432545201669,0.0013629194401372224,12,3000,0,0.09462381143491583
42,static,anchor_replay,0.0,5,0.8800696257615318,0.8802645318482423,0.00019490608671046683,12,2555,0,0.09462381143491583
42,static,static,0.4,1,0.8800696257615318,0.8800696257615318,0.0,0,0,0,0.09462381143491583
42,static,drift,0.4,1,0.8800696257615318,0.8700386371619249,-0.010030988599606938,12,3000,0,0.09462381143491583
42,static,anchor_replay,0.4,1,0.8800696257615318,0.8839549002601909,0.0038852744986590526,12,1775,0,0.09462381143491583
42,static,static,0.4,3,0.8800696257615318,0.8800696257615318,0.0,0,0,0,0.09462381143491583
42,static,drift,0.4,3,0.8800696257615318,0.8728100911002102,-0.007259534661321565,12,3000,0,0.09462381143491583
42,static,anchor_replay,0.4,3,0.8800696257615318,0.8820156385751521,0.0019460128136202792,12,1766,0,0.09462381143491583
42,static,static,0.4,5,0.8800696257615318,0.8800696257615318,0.0,0,0,0,0.09462381143491583
42,static,drift,0.4,5,0.8800696257615318,0.8743876836948915,-0.0056819420666403,12,3000,0,0.09462381143491583
42,static,anchor_replay,0.4,5,0.8800696257615318,0.8806541405706333,0.0005845148091014885,12,1757,0,0.09462381143491583
42,gradual,static,0.0,1,0.7869532428355958,0.7869532428355958,0.0,0,0,0,0.09462381143491583
42,gradual,drift,0.0,1,0.7869532428355958,0.805421463052358,0.0184682202167622,12,3000,0,0.09462381143491583
42,gradual,anchor_replay,0.0,1,0.7869532428355958,0.8018621973929236,0.01490895455732788,12,2135,0,0.09462381143491583
42,gradual,static,0.0,3,0.7869532428355958,0.7869532428355958,0.0,0,0,0,0.09462381143491583
42,gradual,drift,0.0,3,0.7869532428355958,0.7989546387903678,0.01200139595477201,12,3000,0,0.09462381143491583
42,gradual,anchor_replay,0.0,3,0.7869532428355958,0.7935495968498031,0.0065963540142073285,12,2085,0,0.09462381143491583
42,gradual,static,0.0,5,0.7869532428355958,0.7869532428355958,0.0,0,0,0,0.09462381143491583
42,gradual,drift,0.0,5,0.7869532428355958,0.792644023268906,0.005690780433310283,12,3000,0,0.09462381143491583
42,gradual,anchor_replay,0.0,5,0.7869532428355958,0.7855794639486599,-0.0013737788869359058,12,2070,0,0.09462381143491583
42,gradual,static,0.4,1,0.7869532428355958,0.7869532428355958,0.0,0,0,0,0.09462381143491583
42,gradual,drift,0.4,1,0.7869532428355958,0.7862667421241275,-0.000686500711468252,12,3000,0,0.09462381143491583
42,gradual,anchor_replay,0.4,1,0.7869532428355958,0.7915101427498121,0.004556899914216372,12,1668,0,0.09462381143491583
42,gradual,static,0.4,3,0.7869532428355958,0.7869532428355958,0.0,0,0,0,0.09462381143491583
42,gradual,drift,0.4,3,0.7869532428355958,0.79082879158053,0.003875548744934232,12,3000,0,0.09462381143491583
42,gradual,anchor_replay,0.4,3,0.7869532428355958,0.7878673700075358,0.0009141271719400601,12,1688,0,0.09462381143491583
42,gradual,static,0.4,5,0.7869532428355958,0.7869532428355958,0.0,0,0,0,0.09462381143491583
42,gradual,drift,0.4,5,0.7869532428355958,0.7944538130035601,0.007500570167964349,12,3000,0,0.09462381143491583
42,gradual,anchor_replay,0.4,5,0.7869532428355958,0.7862667421241275,-0.000686500711468252,12,1654,0,0.09462381143491583
42,abrupt,static,0.0,1,0.642043056141832,0.642043056141832,0.0,0,0,0,0.09462381143491583
42,abrupt,drift,0.0,1,0.642043056141832,0.767905017234776,0.125861961092944,12,3000,0,0.09462381143491583
42,abrupt,anchor_replay,0.0,1,0.642043056141832,0.6709357570749845,0.02889270093315255,12,1800,0,0.09462381143491583
42,abrupt,static,0.0,3,0.642043056141832,0.642043056141832,0.0,0,0,0,0.09462381143491583
42,abrupt,drift,0.0,3,0.642043056141832,0.7036066895023172,0.061563633360485204,12,3000,0,0.09462381143491583
42,abrupt,anchor_replay,0.0,3,0.642043056141832,0.6531295792338287,0.011086523091996758,12,2121,0,0.09462381143491583
42,abrupt,static,0.0,5,0.642043056141832,0.642043056141832,0.0,0,0,0,0.09462381143491583
42,abrupt,drift,0.0,5,0.642043056141832,0.6417563858982478,-0.00028667024358419724,12,3000,0,0.09462381143491583
42,abrupt,anchor_replay,0.0,5,0.642043056141832,0.6423296054019836,0.00028654926015159177,12,2483,0,0.09462381143491583
42,abrupt,static,0.4,1,0.642043056141832,0.642043056141832,0.0,0,0,0,0.09462381143491583
42,abrupt,drift,0.4,1,0.642043056141832,0.6893460990018334,0.04730304286000142,12,3000,0,0.09462381143491583
42,abrupt,anchor_replay,0.4,1,0.642043056141832,0.6423296054019836,0.00028654926015159177,12,1536,0,0.09462381143491583
42,abrupt,static,0.4,3,0.642043056141832,0.642043056141832,0.0,0,0,0,0.09462381143491583
42,abrupt,drift,0.4,3,0.642043056141832,0.6626480981085013,0.020605041966669346,12,3000,0,0.09462381143491583
42,abrupt,anchor_replay,0.4,3,0.642043056141832,0.6460437710437711,0.004000714901939095,12,1651,0,0.09462381143491583
42,abrupt,static,0.4,5,0.642043056141832,0.642043056141832,0.0,0,0,0,0.09462381143491583
42,abrupt,drift,0.4,5,0.642043056141832,0.6394586593360119,-0.0025843968058201217,12,3000,0,0.09462381143491583
42,abrupt,anchor_replay,0.4,5,0.642043056141832,0.6423296054019836,0.00028654926015159177,12,1749,0,0.09462381143491583
42,oscillating,static,0.0,1,0.7641183250096043,0.7641183250096043,0.0,0,0,0,0.09462381143491583
42,oscillating,drift,0.0,1,0.7641183250096043,0.7812085622276946,0.01709023721809033,12,3000,0,0.09462381143491583
42,oscillating,anchor_replay,0.0,1,0.7641183250096043,0.7805155420773313,0.01639721706772701,12,2181,0,0.09462381143491583
42,oscillating,static,0.0,3,0.7641183250096043,0.7641183250096043,0.0,0,0,0,0.09462381143491583
42,oscillating,drift,0.0,3,0.7641183250096043,0.7800530906332954,0.015934765623691116,12,3000,0,0.09462381143491583
42,oscillating,anchor_replay,0.0,3,0.7641183250096043,0.7726058756199924,0.008487550610388084,12,2161,0,0.09462381143491583
42,oscillating,static,0.0,5,0.7641183250096043,0.7641183250096043,0.0,0,0,0,0.09462381143491583
42,oscillating,drift,0.0,5,0.7641183250096043,0.7686124401913875,0.00449411518178322,12,3000,0,0.09462381143491583
42,oscillating,anchor_replay,0.0,5,0.7641183250096043,0.7655410590943975,0.001422734084793209,12,2323,0,0.09462381143491583
42,oscillating,static,0.4,1,0.7641183250096043,0.7641183250096043,0.0,0,0,0,0.09462381143491583
42,oscillating,drift,0.4,1,0.7641183250096043,0.7514069474092762,-0.012711377600328144,12,3000,0,0.09462381143491583
42,oscillating,anchor_replay,0.4,1,0.7641183250096043,0.7697896749521989,0.00567134994259455,12,1686,0,0.09462381143491583
42,oscillating,static,0.4,3,0.7641183250096043,0.7641183250096043,0.0,0,0,0,0.09462381143491583
42,oscillating,drift,0.4,3,0.7641183250096043,0.7641183250096043,0.0,12,3000,0,0.09462381143491583
42,oscillating,anchor_replay,0.4,3,0.7641183250096043,0.76388088376561,-0.00023744124399427413,12,1666,0,0.09462381143491583
42,oscillating,static,0.4,5,0.7641183250096043,0.7641183250096043,0.0,0,0,0,0.09462381143491583
42,oscillating,drift,0.4,5,0.7641183250096043,0.7593521018125723,-0.004766223197032016,12,3000,0,0.09462381143491583
42,oscillating,anchor_replay,0.4,5,0.7641183250096043,0.7653041642678948,0.001185839258290522,12,1727,0,0.09462381143491583
42,stealth,static,0.0,1,0.3028224742811923,0.3028224742811923,0.0,0,0,0,0.09462381143491583
42,stealth,drift,0.0,1,0.3028224742811923,0.4207167403043692,0.11789426602317687,12,3000,0,0.09462381143491583
42,stealth,anchor_replay,0.0,1,0.3028224742811923,0.3335923335923336,0.03076985931114129,12,824,0,0.09462381143491583
42,stealth,static,0.0,3,0.3028224742811923,0.3028224742811923,0.0,0,0,0,0.09462381143491583
42,stealth,drift,0.0,3,0.3028224742811923,0.3894868585732165,0.08666438429202422,12,3000,0,0.09462381143491583
42,stealth,anchor_replay,0.0,3,0.3028224742811923,0.3236060448150078,0.02078357053381552,12,1146,0,0.09462381143491583
42,stealth,static,0.0,5,0.3028224742811923,0.3028224742811923,0.0,0,0,0,0.09462381143491583
42,stealth,drift,0.0,5,0.3028224742811923,0.3565772669220945,0.053754792640902216,12,3000,0,0.09462381143491583
42,stealth,anchor_replay,0.0,5,0.3028224742811923,0.3117292049330884,0.008906730651896122,12,1462,0,0.09462381143491583
42,stealth,static,0.4,1,0.3028224742811923,0.3028224742811923,0.0,0,0,0,0.09462381143491583
42,stealth,drift,0.4,1,0.3028224742811923,0.3515244683576736,0.04870199407648129,12,3000,0,0.09462381143491583
42,stealth,anchor_replay,0.4,1,0.3028224742811923,0.29833377413382706,-0.004488700147365243,12,1338,0,0.09462381143491583
42,stealth,static,0.4,3,0.3028224742811923,0.3028224742811923,0.0,0,0,0,0.09462381143491583
42,stealth,drift,0.4,3,0.3028224742811923,0.3477144324601952,0.04489195817900288,12,3000,0,0.09462381143491583
42,stealth,anchor_replay,0.4,3,0.3028224742811923,0.300581088219757,-0.002241386061435313,12,1428,0,0.09462381143491583
42,stealth,static,0.4,5,0.3028224742811923,0.3028224742811923,0.0,0,0,0,0.09462381143491583
42,stealth,drift,0.4,5,0.3028224742811923,0.33789718419013176,0.03507470990893946,12,3000,0,0.09462381143491583
42,stealth,anchor_replay,0.4,5,0.3028224742811923,0.300581088219757,-0.002241386061435313,12,1488,0,0.09462381143491583
42,hybrid,static,0.0,1,0.49356122687895104,0.49356122687895104,0.0,0,0,0,0.09462381143491583
42,hybrid,drift,0.0,1,0.49356122687895104,0.7064736630478489,0.21291243616889782,12,3000,0,0.09462381143491583
42,hybrid,anchor_replay,0.0,1,0.49356122687895104,0.5410430839002267,0.047481857021275664,12,1352,0,0.09462381143491583
42,hybrid,static,0.0,3,0.49356122687895104,0.49356122687895104,0.0,0,0,0,0.09462381143491583
42,hybrid,drift,0.0,3,0.49356122687895104,0.6243318366474235,0.1307706097684725,12,3000,0,0.09462381143491583
42,hybrid,anchor_replay,0.0,3,0.49356122687895104,0.505458768873403,0.011897541994451977,12,1633,0,0.09462381143491583
42,hybrid,static,0.0,5,0.49356122687895104,0.49356122687895104,0.0,0,0,0,0.09462381143491583
42,hybrid,drift,0.0,5,0.49356122687895104,0.5397185655923741,0.046157338713423035,12,3000,0,0.09462381143491583
42,hybrid,anchor_replay,0.0,5,0.49356122687895104,0.49214905085540195,-0.0014121760235490943,12,1997,0,0.09462381143491583
42,hybrid,static,0.4,1,0.49356122687895104,0.49356122687895104,0.0,0,0,0,0.09462381143491583
42,hybrid,drift,0.4,1,0.49356122687895104,0.5905805038335159,0.09701927695456486,12,3000,0,0.09462381143491583
42,hybrid,anchor_replay,0.4,1,0.49356122687895104,0.48326261197548326,-0.010298614903467784,12,1426,0,0.09462381143491583
42,hybrid,static,0.4,3,0.49356122687895104,0.49356122687895104,0.0,0,0,0,0.09462381143491583
42,hybrid,drift,0.4,3,0.49356122687895104,0.5615917728593784,0.0680305459804274,12,3000,0,0.09462381143491583
42,hybrid,anchor_replay,0.4,3,0.49356122687895104,0.4903801032379165,-0.0031811236410345667,12,1561,0,0.09462381143491583
42,hybrid,static,0.4,5,0.49356122687895104,0.49356122687895104,0.0,0,0,0,0.09462381143491583
42,hybrid,drift,0.4,5,0.49356122687895104,0.5243119266055046,0.030750699726553588,12,3000,0,0.09462381143491583
42,hybrid,anchor_replay,0.4,5,0.49356122687895104,0.49179559306141585,-0.0017656338175351949,12,1612,0,0.09462381143491583
52,static,static,0.0,1,0.8765217391304347,0.8765217391304347,0.0,0,0,0,0.09773581092350508
52,static,drift,0.0,1,0.8765217391304347,0.8856304985337243,0.00910875940328959,12,3000,0,0.09773581092350508
52,static,anchor_replay,0.0,1,0.8765217391304347,0.8858226974818904,0.009300958351455613,12,2588,0,0.09773581092350508
52,static,static,0.0,3,0.8765217391304347,0.8765217391304347,0.0,0,0,0,0.09773581092350508
52,static,drift,0.0,3,0.8765217391304347,0.8817725463043102,0.0052508071738754936,12,3000,0,0.09773581092350508
52,static,anchor_replay,0.0,3,0.8765217391304347,0.8835119253370204,0.006990186206585647,12,2577,0,0.09773581092350508
52,static,static,0.0,5,0.8765217391304347,0.8765217391304347,0.0,0,0,0,0.09773581092350508
52,static,drift,0.0,5,0.8765217391304347,0.8798335356337784,0.003311796503343678,12,3000,0,0.09773581092350508
52,static,anchor_replay,0.0,5,0.8765217391304347,0.8788615064213815,0.0023397672909467593,12,2573,0,0.09773581092350508
52,static,static,0.4,1,0.8765217391304347,0.8765217391304347,0.0,0,0,0,0.09773581092350508
52,static,drift,0.4,1,0.8765217391304347,0.8658707865168539,-0.010650952613580844,12,3000,0,0.09773581092350508
52,static,anchor_replay,0.4,1,0.8765217391304347,0.8808038808038808,0.004282141673446094,12,1706,0,0.09773581092350508
52,static,static,0.4,3,0.8765217391304347,0.8765217391304347,0.0,0,0,0,0.09773581092350508
52,static,drift,0.4,3,0.8765217391304347,0.8690476190476191,-0.007474120082815672,12,3000,0,0.09773581092350508
52,static,anchor_replay,0.4,3,0.8765217391304347,0.8798335356337784,0.003311796503343678,12,1750,0,0.09773581092350508
52,static,static,0.4,5,0.8765217391304347,0.8765217391304347,0.0,0,0,0,0.09773581092350508
52,static,drift,0.4,5,0.8765217391304347,0.8720097782434084,-0.004511960887026323,12,3000,0,0.09773581092350508
52,static,anchor_replay,0.4,5,0.8765217391304347,0.8761308281141267,-0.0003909110163080598,12,1776,0,0.09773581092350508
52,gradual,static,0.0,1,0.775587566338135,0.775587566338135,0.0,0,0,0,0.09773581092350508
52,gradual,drift,0.0,1,0.775587566338135,0.7922976257244345,0.016710059386299547,12,3000,0,0.09773581092350508
52,gradual,anchor_replay,0.0,1,0.775587566338135,0.7875375375375375,0.011949971199402554,12,2104,0,0.09773581092350508
52,gradual,static,0.0,3,0.775587566338135,0.775587566338135,0.0,0,0,0,0.09773581092350508
52,gradual,drift,0.0,3,0.775587566338135,0.7879924953095685,0.012404928971433526,12,3000,0,0.09773581092350508
52,gradual,anchor_replay,0.0,3,0.775587566338135,0.7799811142587346,0.00439354792059965,12,2049,0,0.09773581092350508
52,gradual,static,0.0,5,0.775587566338135,0.775587566338135,0.0,0,0,0,0.09773581092350508
52,gradual,drift,0.0,5,0.775587566338135,0.782051282051282,0.006463715713147078,12,3000,0,0.09773581092350508
52,gradual,anchor_replay,0.0,5,0.775587566338135,0.7739609033972291,-0.0016266629409058542,12,2051,0,0.09773581092350508
52,gradual,static,0.4,1,0.775587566338135,0.775587566338135,0.0,0,0,0,0.09773581092350508
52,gradual,drift,0.4,1,0.775587566338135,0.7713959680486877,-0.0041915982894472625,12,3000,0,0.09773581092350508
52,gradual,anchor_replay,0.4,1,0.775587566338135,0.777903897086644,0.00231633074850901,12,1608,0,0.09773581092350508
52,gradual,static,0.4,3,0.775587566338135,0.775587566338135,0.0,0,0,0,0.09773581092350508
52,gradual,drift,0.4,3,0.775587566338135,0.777903897086644,0.00231633074850901,12,3000,0,0.09773581092350508
52,gradual,anchor_replay,0.4,3,0.775587566338135,0.7751232461130072,-0.00046432022512776783,12,1633,0,0.09773581092350508
52,gradual,static,0.4,5,0.775587566338135,0.775587566338135,0.0,0,0,0,0.09773581092350508
52,gradual,drift,0.4,5,0.775587566338135,0.7790587790587791,0.0034712127206441012,12,3000,0,0.09773581092350508
52,gradual,anchor_replay,0.4,5,0.775587566338135,0.7727963525835866,-0.002791213754548383,12,1661,0,0.09773581092350508
52,abrupt,static,0.0,1,0.6411442995372318,0.6411442995372318,0.0,0,0,0,0.09773581092350508
52,abrupt,drift,0.0,1,0.6411442995372318,0.7760515346722243,0.13490723513499248,12,3000,0,0.09773581092350508
52,abrupt,anchor_replay,0.0,1,0.6411442995372318,0.671055338407735,0.02991103887050317,12,1799,0,0.09773581092350508
52,abrupt,static,0.0,3,0.6411442995372318,0.6411442995372318,0.0,0,0,0,0.09773581092350508
52,abrupt,drift,0.0,3,0.6411442995372318,0.7103214214414054,0.06917712190417358,12,3000,0,0.09773581092350508
52,abrupt,anchor_replay,0.0,3,0.6411442995372318,0.6510753810816454,0.009931081544413578,12,2100,0,0.09773581092350508
52,abrupt,static,0.0,5,0.6411442995372318,0.6411442995372318,0.0,0,0,0,0.09773581092350508
52,abrupt,drift,0.0,5,0.6411442995372318,0.6437119462523619,0.002567646715130101,12,3000,0,0.09773581092350508
52,abrupt,anchor_replay,0.0,5,0.6411442995372318,0.6420012612991381,0.0008569617619063052,12,2466,0,0.09773581092350508
52,abrupt,static,0.4,1,0.6411442995372318,0.6411442995372318,0.0,0,0,0,0.09773581092350508
52,abrupt,drift,0.4,1,0.6411442995372318,0.6915130646141382,0.05036876507690635,12,3000,0,0.09773581092350508
52,abrupt,anchor_replay,0.4,1,0.6411442995372318,0.6391405097956604,-0.002003789741571449,12,1486,0,0.09773581092350508
52,abrupt,static,0.4,3,0.6411442995372318,0.6411442995372318,0.0,0,0,0,0.09773581092350508
52,abrupt,drift,0.4,3,0.6411442995372318,0.6644614430432086,0.0233171435059768,12,3000,0,0.09773581092350508
52,abrupt,anchor_replay,0.4,3,0.6411442995372318,0.6417157275021026,0.0005714279648707521,12,1621,0,0.09773581092350508
52,abrupt,static,0.4,5,0.6411442995372318,0.6411442995372318,0.0,0,0,0,0.09773581092350508
52,abrupt,drift,0.4,5,0.6411442995372318,0.6342494714587738,-0.006894828078458093,12,3000,0,0.09773581092350508
52,abrupt,anchor_replay,0.4,5,0.6411442995372318,0.6420012612991381,0.0008569617619063052,12,1733,0,0.09773581092350508
52,oscillating,static,0.0,1,0.7652905198776758,0.7652905198776758,0.0,0,0,0,0.09773581092350508
52,oscillating,drift,0.0,1,0.7652905198776758,0.7790587790587791,0.013768259181103248,12,3000,0,0.09773581092350508
52,oscillating,anchor_replay,0.0,1,0.7652905198776758,0.7774413323239969,0.012150812446321102,12,2186,0,0.09773581092350508
52,oscillating,static,0.0,3,0.7652905198776758,0.7652905198776758,0.0,0,0,0,0.09773581092350508
52,oscillating,drift,0.0,3,0.7652905198776758,0.7806719516798792,0.015381431802203416,12,3000,0,0.09773581092350508
52,oscillating,anchor_replay,0.0,3,0.7652905198776758,0.7692893884549438,0.003998868577267944,12,2161,0,0.09773581092350508
52,oscillating,static,0.0,5,0.7652905198776758,0.7652905198776758,0.0,0,0,0,0.09773581092350508
52,oscillating,drift,0.0,5,0.7652905198776758,0.7685855890202059,0.0032950691425300827,12,3000,0,0.09773581092350508
52,oscillating,anchor_replay,0.0,5,0.7652905198776758,0.7652905198776758,0.0,12,2336,0,0.09773581092350508
52,oscillating,static,0.4,1,0.7652905198776758,0.7652905198776758,0.0,0,0,0,0.09773581092350508
52,oscillating,drift,0.4,1,0.7652905198776758,0.7521730732084219,-0.013117446669253963,12,3000,0,0.09773581092350508
52,oscillating,anchor_replay,0.4,1,0.7652905198776758,0.7702265372168284,0.00493601733915261,12,1621,0,0.09773581092350508
52,oscillating,static,0.4,3,0.7652905198776758,0.7652905198776758,0.0,0,0,0,0.09773581092350508
52,oscillating,drift,0.4,3,0.7652905198776758,0.7607903318626511,-0.00450018801502472,12,3000,0,0.09773581092350508
52,oscillating,anchor_replay,0.4,3,0.7652905198776758,0.764582138076114,-0.0007083818015618526,12,1676,0,0.09773581092350508
52,oscillating,static,0.4,5,0.7652905198776758,0.7652905198776758,0.0,0,0,0,0.09773581092350508
52,oscillating,drift,0.4,5,0.7652905198776758,0.7586471944657955,-0.006643325411880285,12,3000,0,0.09773581092350508
52,oscillating,anchor_replay,0.4,5,0.7652905198776758,0.765526466653927,0.00023594677625116134,12,1717,0,0.09773581092350508
52,stealth,static,0.0,1,0.3040168023103177,0.3040168023103177,0.0,0,0,0,0.09773581092350508
52,stealth,drift,0.0,1,0.3040168023103177,0.4108241082410824,0.1068073059307647,12,3000,0,0.09773581092350508
52,stealth,anchor_replay,0.0,1,0.3040168023103177,0.32945435738298423,0.02543755507266654,12,823,0,0.09773581092350508
52,stealth,static,0.0,3,0.3040168023103177,0.3040168023103177,0.0,0,0,0,0.09773581092350508
52,stealth,drift,0.0,3,0.3040168023103177,0.3768844221105528,0.0728676198002351,12,3000,0,0.09773581092350508
52,stealth,anchor_replay,0.0,3,0.3040168023103177,0.30845771144278605,0.0044409091324683625,12,1125,0,0.09773581092350508
52,stealth,static,0.0,5,0.3040168023103177,0.3040168023103177,0.0,0,0,0,0.09773581092350508
52,stealth,drift,0.0,5,0.3040168023103177,0.35077865713556294,0.04676185482524525,12,3000,0,0.09773581092350508
52,stealth,anchor_replay,0.0,5,0.3040168023103177,0.2982086406743941,-0.00580816163592357,12,1461,0,0.09773581092350508
52,stealth,static,0.4,1,0.3040168023103177,0.3040168023103177,0.0,0,0,0,0.09773581092350508
52,stealth,drift,0.4,1,0.3040168023103177,0.3503575076608784,0.04634070535056073,12,3000,0,0.09773581092350508
52,stealth,anchor_replay,0.4,1,0.3040168023103177,0.29641350210970463,-0.007603300200613061,12,1321,0,0.09773581092350508
52,stealth,static,0.4,3,0.3040168023103177,0.3040168023103177,0.0,0,0,0,0.09773581092350508
52,stealth,drift,0.4,3,0.3040168023103177,0.3423146009751091,0.03829779866479138,12,3000,0,0.09773581092350508
52,stealth,anchor_replay,0.4,3,0.3040168023103177,0.29641350210970463,-0.007603300200613061,12,1448,0,0.09773581092350508
52,stealth,static,0.4,5,0.3040168023103177,0.3040168023103177,0.0,0,0,0,0.09773581092350508
52,stealth,drift,0.4,5,0.3040168023103177,0.33376321898375033,0.02974641667343264,12,3000,0,0.09773581092350508
52,stealth,anchor_replay,0.4,5,0.3040168023103177,0.29326287978863935,-0.010753922521678339,12,1511,0,0.09773581092350508
52,hybrid,static,0.0,1,0.4892422825070159,0.4892422825070159,0.0,0,0,0,0.09773581092350508
52,hybrid,drift,0.0,1,0.4892422825070159,0.7103214214414054,0.22107913893438952,12,3000,0,0.09773581092350508
52,hybrid,anchor_replay,0.0,1,0.4892422825070159,0.5518941941268773,0.06265191161986144,12,1399,0,0.09773581092350508
52,hybrid,static,0.0,3,0.4892422825070159,0.4892422825070159,0.0,0,0,0,0.09773581092350508
52,hybrid,drift,0.0,3,0.4892422825070159,0.6269925611052072,0.13775027859819128,12,3000,0,0.09773581092350508
52,hybrid,anchor_replay,0.0,3,0.4892422825070159,0.5070487635775364,0.017806481070520463,12,1638,0,0.09773581092350508
52,hybrid,static,0.0,5,0.4892422825070159,0.4892422825070159,0.0,0,0,0,0.09773581092350508
52,hybrid,drift,0.0,5,0.4892422825070159,0.545045045045045,0.05580276253802913,12,3000,0,0.09773581092350508
52,hybrid,anchor_replay,0.0,5,0.4892422825070159,0.4895955108721066,0.00035322836509071864,12,1991,0,0.09773581092350508
52,hybrid,static,0.4,1,0.4892422825070159,0.4892422825070159,0.0,0,0,0,0.09773581092350508
52,hybrid,drift,0.4,1,0.4892422825070159,0.5855047076855704,0.09626242517855449,12,3000,0,0.09773581092350508
52,hybrid,anchor_replay,0.4,1,0.4892422825070159,0.48,-0.00924228250701592,12,1442,0,0.09773581092350508
52,hybrid,static,0.4,3,0.4892422825070159,0.4892422825070159,0.0,0,0,0,0.09773581092350508
52,hybrid,drift,0.4,3,0.4892422825070159,0.5538392657264384,0.06459698321942248,12,3000,0,0.09773581092350508
52,hybrid,anchor_replay,0.4,3,0.4892422825070159,0.4892422825070159,0.0,12,1519,0,0.09773581092350508
52,hybrid,static,0.4,5,0.4892422825070159,0.4892422825070159,0.0,0,0,0,0.09773581092350508
52,hybrid,drift,0.4,5,0.4892422825070159,0.5132336018411968,0.023991319334180916,12,3000,0,0.09773581092350508
52,hybrid,anchor_replay,0.4,5,0.4892422825070159,0.4849906191369606,-0.004251663370055281,12,1625,0,0.09773581092350508
62,static,static,0.0,1,0.8877078690210869,0.8877078690210869,0.0,0,0,0,0.08710900541892325
62,static,drift,0.0,1,0.8877078690210869,0.8916979842842501,0.003990115263163174,12,3000,0,0.08710900541892325
62,static,anchor_replay,0.0,1,0.8877078690210869,0.8943421949556919,0.006634325934605001,12,2634,0,0.08710900541892325
62,static,static,0.0,3,0.8877078690210869,0.8877078690210869,0.0,0,0,0,0.08710900541892325
62,static,drift,0.0,3,0.8877078690210869,0.8890410958904109,0.0013332268693240223,12,3000,0,0.08710900541892325
62,static,anchor_replay,0.0,3,0.8877078690210869,0.8894214310167751,0.0017135619956881731,12,2605,0,0.08710900541892325
62,static,static,0.0,5,0.8877078690210869,0.8877078690210869,0.0,0,0,0,0.08710900541892325
62,static,drift,0.0,5,0.8877078690210869,0.887517146776406,-0.00019072224468086318,12,3000,0,0.08710900541892325
62,static,anchor_replay,0.0,5,0.8877078690210869,0.8877078690210869,0.0,12,2590,0,0.08710900541892325
62,static,static,0.4,1,0.8877078690210869,0.8877078690210869,0.0,0,0,0,0.08710900541892325
62,static,drift,0.4,1,0.8877078690210869,0.8782849239280774,-0.00942294509300945,12,3000,0,0.08710900541892325
62,static,anchor_replay,0.4,1,0.8877078690210869,0.8890410958904109,0.0013332268693240223,12,1718,0,0.08710900541892325
62,static,static,0.4,3,0.8877078690210869,0.8877078690210869,0.0,0,0,0,0.08710900541892325
62,static,drift,0.4,3,0.8877078690210869,0.8804141501294219,-0.007293718891664969,12,3000,0,0.08710900541892325
62,static,anchor_replay,0.4,3,0.8877078690210869,0.8888508306216818,0.001142961600594905,12,1746,0,0.08710900541892325
62,static,static,0.4,5,0.8877078690210869,0.8877078690210869,0.0,0,0,0,0.08710900541892325
62,static,drift,0.4,5,0.8877078690210869,0.8854148771688714,-0.0022929918522155424,12,3000,0,0.08710900541892325
62,static,anchor_replay,0.4,5,0.8877078690210869,0.8878985258827563,0.00019065686166941376,12,1733,0,0.08710900541892325
62,gradual,static,0.0,1,0.7866093136338134,0.7866093136338134,0.0,0,0,0,0.08710900541892325
62,gradual,drift,0.0,1,0.7866093136338134,0.8073529411764706,0.02074362754265724,12,3000,0,0.08710900541892325
62,gradual,anchor_replay,0.0,1,0.7866093136338134,0.7987409738937233,0.012131660259909971,12,2145,0,0.08710900541892325
62,gradual,static,0.0,3,0.7866093136338134,0.7866093136338134,0.0,0,0,0,0.08710900541892325
62,gradual,drift,0.0,3,0.7866093136338134,0.7976278724981468,0.01101855886433345,12,3000,0,0.08710900541892325
62,gradual,anchor_replay,0.0,3,0.7866093136338134,0.7897780264875957,0.003168712853782285,12,2076,0,0.08710900541892325
62,gradual,static,0.0,5,0.7866093136338134,0.7866093136338134,0.0,0,0,0,0.08710900541892325
62,gradual,drift,0.0,5,0.7866093136338134,0.7875163520837226,0.0009070384499092476,12,3000,0,0.08710900541892325
62,gradual,anchor_replay,0.0,5,0.7866093136338134,0.7841079460269865,-0.002501367606826843,12,2049,0,0.08710900541892325
62,gradual,static,0.4,1,0.7866093136338134,0.7866093136338134,0.0,0,0,0,0.08710900541892325
62,gradual,drift,0.4,1,0.7866093136338134,0.7852462085751732,-0.0013631050586401239,12,3000,0,0.08710900541892325
62,gradual,anchor_replay,0.4,1,0.7866093136338134,0.7897780264875957,0.003168712853782285,12,1676,0,0.08710900541892325
62,gradual,static,0.4,3,0.7866093136338134,0.7866093136338134,0.0,0,0,0,0.08710900541892325
62,gradual,drift,0.4,3,0.7866093136338134,0.7927056196501675,0.006096306016354136,12,3000,0,0.08710900541892325
62,gradual,anchor_replay,0.4,3,0.7866093136338134,0.786155285313377,-0.00045402832043639485,12,1655,0,0.08710900541892325
62,gradual,static,0.4,5,0.7866093136338134,0.7866093136338134,0.0,0,0,0,0.08710900541892325
62,gradual,drift,0.4,5,0.7866093136338134,0.7960660604935981,0.009456746859784704,12,3000,0,0.08710900541892325
62,gradual,anchor_replay,0.4,5,0.7866093136338134,0.7863823419378975,-0.00022697169591590072,12,1587,0,0.08710900541892325
62,abrupt,static,0.0,1,0.638405036726128,0.638405036726128,0.0,0,0,0,0.08710900541892325
62,abrupt,drift,0.0,1,0.638405036726128,0.7721423164269493,0.13373727970082128,12,3000,0,0.08710900541892325
62,abrupt,anchor_replay,0.0,1,0.638405036726128,0.6694011484823625,0.030996111756234512,12,1799,0,0.08710900541892325
62,abrupt,static,0.0,3,0.638405036726128,0.638405036726128,0.0,0,0,0,0.08710900541892325
62,abrupt,drift,0.0,3,0.638405036726128,0.7096260938743039,0.07122105714817584,12,3000,0,0.08710900541892325
62,abrupt,anchor_replay,0.0,3,0.638405036726128,0.6578402978899462,0.019435261163818218,12,2125,0,0.08710900541892325
62,abrupt,static,0.0,5,0.638405036726128,0.638405036726128,0.0,0,0,0,0.08710900541892325
62,abrupt,drift,0.0,5,0.638405036726128,0.6443794400334308,0.005974403307302811,12,3000,0,0.08710900541892325
62,abrupt,anchor_replay,0.0,5,0.638405036726128,0.643245503973233,0.004840467247104963,12,2469,0,0.08710900541892325
62,abrupt,static,0.4,1,0.638405036726128,0.638405036726128,0.0,0,0,0,0.08710900541892325
62,abrupt,drift,0.4,1,0.638405036726128,0.6916717080056463,0.05326667127951823,12,3000,0,0.08710900541892325
62,abrupt,anchor_replay,0.4,1,0.638405036726128,0.6361151986546143,-0.002289838071513728,12,1511,0,0.08710900541892325
62,abrupt,static,0.4,3,0.638405036726128,0.638405036726128,0.0,0,0,0,0.08710900541892325
62,abrupt,drift,0.4,3,0.638405036726128,0.6614400660202187,0.023035029294090625,12,3000,0,0.08710900541892325
62,abrupt,anchor_replay,0.4,3,0.638405036726128,0.6412565445026178,0.0028515077764897923,12,1593,0,0.08710900541892325
62,abrupt,static,0.4,5,0.638405036726128,0.638405036726128,0.0,0,0,0,0.08710900541892325
62,abrupt,drift,0.4,5,0.638405036726128,0.6369747899159663,-0.0014302468101616839,12,3000,0,0.08710900541892325
62,abrupt,anchor_replay,0.4,5,0.638405036726128,0.6389762953639606,0.0005712586378325835,12,1702,0,0.08710900541892325
62,oscillating,static,0.0,1,0.769114020110036,0.769114020110036,0.0,0,0,0,0.08710900541892325
62,oscillating,drift,0.0,1,0.769114020110036,0.7825107900168887,0.013396769906852679,12,3000,0,0.08710900541892325
62,oscillating,anchor_replay,0.0,1,0.769114020110036,0.7818250093879083,0.012710989277872287,12,2216,0,0.08710900541892325
62,oscillating,static,0.0,3,0.769114020110036,0.769114020110036,0.0,0,0,0,0.08710900541892325
62,oscillating,drift,0.0,3,0.769114020110036,0.7822822822822822,0.013168262172246203,12,3000,0,0.08710900541892325
62,oscillating,anchor_replay,0.0,3,0.769114020110036,0.7746931067044381,0.005579086594402094,12,2190,0,0.08710900541892325
62,oscillating,static,0.0,5,0.769114020110036,0.769114020110036,0.0,0,0,0,0.08710900541892325
62,oscillating,drift,0.0,5,0.769114020110036,0.7746931067044381,0.005579086594402094,12,3000,0,0.08710900541892325
62,oscillating,anchor_replay,0.0,5,0.769114020110036,0.7728390391526385,0.003725019042602473,12,2339,0,0.08710900541892325
62,oscillating,static,0.4,1,0.769114020110036,0.769114020110036,0.0,0,0,0,0.08710900541892325
62,oscillating,drift,0.4,1,0.769114020110036,0.7549414699673767,-0.01417255014265939,12,3000,0,0.08710900541892325
62,oscillating,anchor_replay,0.4,1,0.769114020110036,0.7751557485369077,0.006041728426871673,12,1654,0,0.08710900541892325
62,oscillating,static,0.4,3,0.769114020110036,0.769114020110036,0.0,0,0,0,0.08710900541892325
62,oscillating,drift,0.4,3,0.769114020110036,0.7681792291627112,-0.0009347909473248484,12,3000,0,0.08710900541892325
62,oscillating,anchor_replay,0.4,3,0.769114020110036,0.7700473933649289,0.0009333732548928442,12,1635,0,0.08710900541892325
62,oscillating,static,0.4,5,0.769114020110036,0.769114020110036,0.0,0,0,0,0.08710900541892325
62,oscillating,drift,0.4,5,0.769114020110036,0.7646610814927647,-0.0044529386172713625,12,3000,0,0.08710900541892325
62,oscillating,anchor_replay,0.4,5,0.769114020110036,0.7700473933649289,0.0009333732548928442,12,1666,0,0.08710900541892325
62,stealth,static,0.0,1,0.29352972119936876,0.29352972119936876,0.0,0,0,0,0.08710900541892325
62,stealth,drift,0.0,1,0.29352972119936876,0.4078527607361963,0.11432303953682754,12,3000,0,0.08710900541892325
62,stealth,anchor_replay,0.0,1,0.29352972119936876,0.32134540750323415,0.027815686303865383,12,805,0,0.08710900541892325
62,stealth,static,0.0,3,0.29352972119936876,0.29352972119936876,0.0,0,0,0,0.08710900541892325
62,stealth,drift,0.0,3,0.29352972119936876,0.3735271997994485,0.07999747860007972,12,3000,0,0.08710900541892325
62,stealth,anchor_replay,0.0,3,0.29352972119936876,0.3068893528183716,0.013359631619002832,12,1112,0,0.08710900541892325
62,stealth,static,0.0,5,0.29352972119936876,0.29352972119936876,0.0,0,0,0,0.08710900541892325
62,stealth,drift,0.0,5,0.29352972119936876,0.34910941475826973,0.05557969355890097,12,3000,0,0.08710900541892325
62,stealth,anchor_replay,0.0,5,0.29352972119936876,0.2930807682188898,-0.00044895298047897825,12,1428,0,0.08710900541892325
62,stealth,static,0.4,1,0.29352972119936876,0.29352972119936876,0.0,0,0,0,0.08710900541892325
62,stealth,drift,0.4,1,0.29352972119936876,0.34151329243353784,0.047983571234169076,12,3000,0,0.08710900541892325
62,stealth,anchor_replay,0.4,1,0.29352972119936876,0.286770530763137,-0.006759190436231743,12,1359,0,0.08710900541892325
62,stealth,static,0.4,3,0.29352972119936876,0.29352972119936876,0.0,0,0,0,0.08710900541892325
62,stealth,drift,0.4,3,0.29352972119936876,0.332562323310203,0.03903260211083426,12,3000,0,0.08710900541892325
62,stealth,anchor_replay,0.4,3,0.29352972119936876,0.2876748482449195,-0.005854872954449253,12,1404,0,0.08710900541892325
62,stealth,static,0.4,5,0.29352972119936876,0.29352972119936876,0.0,0,0,0,0.08710900541892325
62,stealth,drift,0.4,5,0.29352972119936876,0.32481280660986317,0.031283085410494404,12,3000,0,0.08710900541892325
62,stealth,anchor_replay,0.4,5,0.29352972119936876,0.282234577707175,-0.011295143492193738,12,1464,0,0.08710900541892325
62,hybrid,static,0.0,1,0.49501275806077477,0.49501275806077477,0.0,0,0,0,0.08710900541892325
62,hybrid,drift,0.0,1,0.49501275806077477,0.7091126144050935,0.21409985634431877,12,3000,0,0.08710900541892325
62,hybrid,anchor_replay,0.0,1,0.49501275806077477,0.5426774483378257,0.04766469027705095,12,1356,0,0.08710900541892325
62,hybrid,static,0.0,3,0.49501275806077477,0.49501275806077477,0.0,0,0,0,0.08710900541892325
62,hybrid,drift,0.0,3,0.49501275806077477,0.6300675675675675,0.13505480950679277,12,3000,0,0.08710900541892325
62,hybrid,anchor_replay,0.0,3,0.49501275806077477,0.516689529035208,0.021676770974433268,12,1644,0,0.08710900541892325
62,hybrid,static,0.0,5,0.49501275806077477,0.49501275806077477,0.0,0,0,0,0.08710900541892325
62,hybrid,drift,0.0,5,0.49501275806077477,0.5449652388427899,0.04995248078201514,12,3000,0,0.08710900541892325
62,hybrid,anchor_replay,0.0,5,0.49501275806077477,0.49221473390657683,-0.0027980241541979423,12,1985,0,0.08710900541892325
62,hybrid,static,0.4,1,0.49501275806077477,0.49501275806077477,0.0,0,0,0,0.08710900541892325
62,hybrid,drift,0.4,1,0.49501275806077477,0.5871080139372822,0.09209525587650741,12,3000,0,0.08710900541892325
62,hybrid,anchor_replay,0.4,1,0.49501275806077477,0.48304886602758945,-0.01196389203318532,12,1431,0,0.08710900541892325
62,hybrid,static,0.4,3,0.49501275806077477,0.49501275806077477,0.0,0,0,0,0.08710900541892325
62,hybrid,drift,0.4,3,0.49501275806077477,0.5569395017793595,0.0619267437185847,12,3000,0,0.08710900541892325
62,hybrid,anchor_replay,0.4,3,0.49501275806077477,0.49501275806077477,0.0,12,1517,0,0.08710900541892325
62,hybrid,static,0.4,5,0.49501275806077477,0.49501275806077477,0.0,0,0,0,0.08710900541892325
62,hybrid,drift,0.4,5,0.49501275806077477,0.5177061914553347,0.022693433394559925,12,3000,0,0.08710900541892325
62,hybrid,anchor_replay,0.4,5,0.49501275806077477,0.49221473390657683,-0.0027980241541979423,12,1596,0,0.08710900541892325
72,static,static,0.0,1,0.8749349522983522,0.8749349522983522,0.0,0,0,0,0.08662839912878172
72,static,drift,0.0,1,0.8749349522983522,0.8830721542965386,0.00813720199818646,12,3000,0,0.08662839912878172
72,static,anchor_replay,0.0,1,0.8749349522983522,0.8863324175824175,0.011397465284065378,12,2586,0,0.08662839912878172
72,static,static,0.0,3,0.8749349522983522,0.8749349522983522,0.0,0,0,0,0.08662839912878172
72,static,drift,0.0,3,0.8749349522983522,0.8790183200829589,0.004083367784606717,12,3000,0,0.08662839912878172
72,static,anchor_replay,0.0,3,0.8749349522983522,0.8809523809523809,0.006017428654028767,12,2561,0,0.08662839912878172
72,static,static,0.0,5,0.8749349522983522,0.8749349522983522,0.0,0,0,0,0.08662839912878172
72,static,drift,0.0,5,0.8749349522983522,0.8764940239043825,0.0015590716060303045,12,3000,0,0.08662839912878172
72,static,anchor_replay,0.0,5,0.8749349522983522,0.8759098786828423,0.000974926384490149,12,2541,0,0.08662839912878172
72,static,static,0.4,1,0.8749349522983522,0.8749349522983522,0.0,0,0,0,0.08662839912878172
72,static,drift,0.4,1,0.8749349522983522,0.8607061303354997,-0.014228821962852467,12,3000,0,0.08662839912878172
72,static,anchor_replay,0.4,1,0.8749349522983522,0.8782428225527499,0.0033078702543977156,12,1660,0,0.08662839912878172
72,static,static,0.4,3,0.8749349522983522,0.8749349522983522,0.0,0,0,0,0.08662839912878172
72,static,drift,0.4,3,0.8749349522983522,0.8633017875920084,-0.01163316470634379,12,3000,0,0.08662839912878172
72,static,anchor_replay,0.4,3,0.8749349522983522,0.8776604948953106,0.0027255425969584524,12,1648,0,0.08662839912878172
72,static,static,0.4,5,0.8749349522983522,0.8749349522983522,0.0,0,0,0,0.08662839912878172
72,static,drift,0.4,5,0.8749349522983522,0.8682603385098586,-0.006674613788493544,12,3000,0,0.08662839912878172
72,static,anchor_replay,0.4,5,0.8749349522983522,0.8753251257152765,0.00039017341692437757,12,1683,0,0.08662839912878172
72,gradual,static,0.0,1,0.7631578947368421,0.7631578947368421,0.0,0,0,0,0.08662839912878172
72,gradual,drift,0.0,1,0.7631578947368421,0.7847105115233277,0.021552616786485568,12,3000,0,0.08662839912878172
72,gradual,anchor_replay,0.0,1,0.7631578947368421,0.7803685596088755,0.017210664872033377,12,2059,0,0.08662839912878172
72,gradual,static,0.0,3,0.7631578947368421,0.7631578947368421,0.0,0,0,0,0.08662839912878172
72,gradual,drift,0.0,3,0.7631578947368421,0.7773798303487276,0.01422193561188545,12,3000,0,0.08662839912878172
72,gradual,anchor_replay,0.0,3,0.7631578947368421,0.7692599620493359,0.006102067312493742,12,1991,0,0.08662839912878172
72,gradual,static,0.0,5,0.7631578947368421,0.7631578947368421,0.0,0,0,0,0.08662839912878172
72,gradual,drift,0.0,5,0.7631578947368421,0.7683251044436005,0.0051672097067583245,12,3000,0,0.08662839912878172
72,gradual,anchor_replay,0.0,5,0.7631578947368421,0.759609868043603,-0.00354802669323917,12,1969,0,0.08662839912878172
72,gradual,static,0.4,1,0.7631578947368421,0.7631578947368421,0.0,0,0,0,0.08662839912878172
72,gradual,drift,0.4,1,0.7631578947368421,0.7638650657518582,0.0007071710150160504,12,3000,0,0.08662839912878172
72,gradual,anchor_replay,0.4,1,0.7631578947368421,0.7676230286908607,0.004465133954018596,12,1583,0,0.08662839912878172
72,gradual,static,0.4,3,0.7631578947368421,0.7631578947368421,0.0,0,0,0,0.08662839912878172
72,gradual,drift,0.4,3,0.7631578947368421,0.7673888255416191,0.004230930804776989,12,3000,0,0.08662839912878172
72,gradual,anchor_replay,0.4,3,0.7631578947368421,0.7629219912263971,-0.00023590351044500135,12,1529,0,0.08662839912878172
72,gradual,static,0.4,5,0.7631578947368421,0.7631578947368421,0.0,0,0,0,0.08662839912878172
72,gradual,drift,0.4,5,0.7631578947368421,0.7720560393790231,0.008898144642180972,12,3000,0,0.08662839912878172
72,gradual,anchor_replay,0.4,5,0.7631578947368421,0.7588978185993112,-0.004260076137530988,12,1598,0,0.08662839912878172
72,abrupt,static,0.0,1,0.6235144312393888,0.6235144312393888,0.0,0,0,0,0.08662839912878172
72,abrupt,drift,0.0,1,0.6235144312393888,0.7567567567567568,0.13324232551736803,12,3000,0,0.08662839912878172
72,abrupt,anchor_replay,0.0,1,0.6235144312393888,0.6537982565379825,0.030283825298593747,12,1744,0,0.08662839912878172
72,abrupt,static,0.0,3,0.6235144312393888,0.6235144312393888,0.0,0,0,0,0.08662839912878172
72,abrupt,drift,0.0,3,0.6235144312393888,0.6896969696969697,0.06618253845758093,12,3000,0,0.08662839912878172
72,abrupt,anchor_replay,0.0,3,0.6235144312393888,0.6333754740834386,0.009861042844049872,12,2056,0,0.08662839912878172
72,abrupt,static,0.0,5,0.6235144312393888,0.6235144312393888,0.0,0,0,0,0.08662839912878172
72,abrupt,drift,0.0,5,0.6235144312393888,0.6246819338422391,0.0011675026028503677,12,3000,0,0.08662839912878172
72,abrupt,anchor_replay,0.0,5,0.6235144312393888,0.6255562619198983,0.00204183068050956,12,2417,0,0.08662839912878172
72,abrupt,static,0.4,1,0.6235144312393888,0.6235144312393888,0.0,0,0,0,0.08662839912878172
72,abrupt,drift,0.4,1,0.6235144312393888,0.6621287128712872,0.038614281631898395,12,3000,0,0.08662839912878172
72,abrupt,anchor_replay,0.4,1,0.6235144312393888,0.6211734693877551,-0.0023409618516336828,12,1540,0,0.08662839912878172
72,abrupt,static,0.4,3,0.6235144312393888,0.6235144312393888,0.0,0,0,0,0.08662839912878172
72,abrupt,drift,0.4,3,0.6235144312393888,0.6385390428211587,0.015024611581769931,12,3000,0,0.08662839912878172
72,abrupt,anchor_replay,0.4,3,0.6235144312393888,0.6238064926798218,0.0002920614404330335,12,1569,0,0.08662839912878172
72,abrupt,static,0.4,5,0.6235144312393888,0.6235144312393888,0.0,0,0,0,0.08662839912878172
72,abrupt,drift,0.4,5,0.6235144312393888,0.6173523768919207,-0.006162054347468082,12,3000,0,0.08662839912878172
72,abrupt,anchor_replay,0.4,5,0.6235144312393888,0.624390243902439,0.0008758126630502572,12,1666,0,0.08662839912878172
72,oscillating,static,0.0,1,0.7405825242718447,0.7405825242718447,0.0,0,0,0,0.08662839912878172
72,oscillating,drift,0.0,1,0.7405825242718447,0.7605579973246703,0.019975473052825654,12,3000,0,0.08662839912878172
72,oscillating,anchor_replay,0.0,1,0.7405825242718447,0.7600841139361498,0.019501589664305152,12,2121,0,0.08662839912878172
72,oscillating,static,0.0,3,0.7405825242718447,0.7405825242718447,0.0,0,0,0,0.08662839912878172
72,oscillating,drift,0.0,3,0.7405825242718447,0.7615046782509071,0.020922153979062386,12,3000,0,0.08662839912878172
72,oscillating,anchor_replay,0.0,3,0.7405825242718447,0.7502890173410405,0.009706493069195798,12,2094,0,0.08662839912878172
72,oscillating,static,0.0,5,0.7405825242718447,0.7405825242718447,0.0,0,0,0,0.08662839912878172
72,oscillating,drift,0.0,5,0.7405825242718447,0.7476346785093647,0.007052154237520036,12,3000,0,0.08662839912878172
72,oscillating,anchor_replay,0.0,5,0.7405825242718447,0.7454545454545455,0.004872021182700803,12,2266,0,0.08662839912878172
72,oscillating,static,0.4,1,0.7405825242718447,0.7405825242718447,0.0,0,0,0,0.08662839912878172
72,oscillating,drift,0.4,1,0.7405825242718447,0.7309724124437488,-0.009610111828095902,12,3000,0,0.08662839912878172
72,oscillating,anchor_replay,0.4,1,0.7405825242718447,0.7466666666666667,0.006084142394822023,12,1576,0,0.08662839912878172
72,oscillating,static,0.4,3,0.7405825242718447,0.7405825242718447,0.0,0,0,0,0.08662839912878172
72,oscillating,drift,0.4,3,0.7405825242718447,0.7403379296950864,-0.00024459457675829466,12,3000,0,0.08662839912878172
72,oscillating,anchor_replay,0.4,3,0.7405825242718447,0.7444831591173054,0.003900634845460771,12,1581,0,0.08662839912878172
72,oscillating,static,0.4,5,0.7405825242718447,0.7405825242718447,0.0,0,0,0,0.08662839912878172
72,oscillating,drift,0.4,5,0.7405825242718447,0.7405825242718447,0.0,12,3000,0,0.08662839912878172
72,oscillating,anchor_replay,0.4,5,0.7405825242718447,0.7422920302501455,0.0017095059783007738,12,1635,0,0.08662839912878172
72,stealth,static,0.0,1,0.26993865030674846,0.26993865030674846,0.0,0,0,0,0.08662839912878172
72,stealth,drift,0.0,1,0.26993865030674846,0.3825436408977556,0.11260499059100715,12,3000,0,0.08662839912878172
72,stealth,anchor_replay,0.0,1,0.26993865030674846,0.2931578947368421,0.023219244430093655,12,734,0,0.08662839912878172
72,stealth,static,0.0,3,0.26993865030674846,0.26993865030674846,0.0,0,0,0,0.08662839912878172
72,stealth,drift,0.0,3,0.26993865030674846,0.3567266278185964,0.08678797751184791,12,3000,0,0.08662839912878172
72,stealth,anchor_replay,0.0,3,0.26993865030674846,0.27957559681697614,0.009636946510227673,12,1060,0,0.08662839912878172
72,stealth,static,0.0,5,0.26993865030674846,0.26993865030674846,0.0,0,0,0,0.08662839912878172
72,stealth,drift,0.0,5,0.26993865030674846,0.3261935483870968,0.05625489808034834,12,3000,0,0.08662839912878172
72,stealth,anchor_replay,0.0,5,0.26993865030674846,0.26623897353648757,-0.0036996767702608957,12,1390,0,0.08662839912878172
72,stealth,static,0.4,1,0.26993865030674846,0.26993865030674846,0.0,0,0,0,0.08662839912878172
72,stealth,drift,0.4,1,0.26993865030674846,0.30785285677015395,0.037914206463405487,12,3000,0,0.08662839912878172
72,stealth,anchor_replay,0.4,1,0.26993865030674846,0.2601931330472103,-0.00974551725953815,12,1390,0,0.08662839912878172
72,stealth,static,0.4,3,0.26993865030674846,0.26993865030674846,0.0,0,0,0,0.08662839912878172
72,stealth,drift,0.4,3,0.26993865030674846,0.30519989547948784,0.035261245172739375,12,3000,0,0.08662839912878172
72,stealth,anchor_replay,0.4,3,0.26993865030674846,0.2611260053619303,-0.008812644944818149,12,1431,0,0.08662839912878172
72,stealth,static,0.4,5,0.26993865030674846,0.26993865030674846,0.0,0,0,0,0.08662839912878172
72,stealth,drift,0.4,5,0.26993865030674846,0.29763779527559053,0.02769914496884207,12,3000,0,0.08662839912878172
72,stealth,anchor_replay,0.4,5,0.26993865030674846,0.25832438238453276,-0.011614267922215704,12,1530,0,0.08662839912878172
72,hybrid,static,0.0,1,0.4512893982808023,0.4512893982808023,0.0,0,0,0,0.08662839912878172
72,hybrid,drift,0.0,1,0.4512893982808023,0.6817073170731708,0.2304179187923685,12,3000,0,0.08662839912878172
72,hybrid,anchor_replay,0.0,1,0.4512893982808023,0.5110192837465565,0.059729885465754196,12,1283,0,0.08662839912878172
72,hybrid,static,0.0,3,0.4512893982808023,0.4512893982808023,0.0,0,0,0,0.08662839912878172
72,hybrid,drift,0.0,3,0.4512893982808023,0.5903064551184525,0.1390170568376502,12,3000,0,0.08662839912878172
72,hybrid,anchor_replay,0.0,3,0.4512893982808023,0.47208480565371025,0.02079540737290797,12,1547,0,0.08662839912878172
72,hybrid,static,0.0,5,0.4512893982808023,0.4512893982808023,0.0,0,0,0,0.08662839912878172
72,hybrid,drift,0.0,5,0.4512893982808023,0.49895857440407315,0.04766917612327087,12,3000,0,0.08662839912878172
72,hybrid,anchor_replay,0.0,5,0.4512893982808023,0.4486964840947142,-0.002592914186088091,12,1903,0,0.08662839912878172
72,hybrid,static,0.4,1,0.4512893982808023,0.4512893982808023,0.0,0,0,0,0.08662839912878172
72,hybrid,drift,0.4,1,0.4512893982808023,0.5385308697611537,0.08724147148035144,12,3000,0,0.08662839912878172
72,hybrid,anchor_replay,0.4,1,0.4512893982808023,0.4419889502762431,-0.009300448004559203,12,1477,0,0.08662839912878172
72,hybrid,static,0.4,3,0.4512893982808023,0.4512893982808023,0.0,0,0,0,0.08662839912878172
72,hybrid,drift,0.4,3,0.4512893982808023,0.5082796688132475,0.05699027053244521,12,3000,0,0.08662839912878172
72,hybrid,anchor_replay,0.4,3,0.4512893982808023,0.4468390804597701,-0.004450317821032168,12,1493,0,0.08662839912878172
72,hybrid,static,0.4,5,0.4512893982808023,0.4512893982808023,0.0,0,0,0,0.08662839912878172
72,hybrid,drift,0.4,5,0.4512893982808023,0.4738823529411765,0.022592954660374198,12,3000,0,0.08662839912878172
72,hybrid,anchor_replay,0.4,5,0.4512893982808023,0.44646706586826346,-0.004822332412538821,12,1550,0,0.08662839912878172
82,static,static,0.0,1,0.8826758147512864,0.8826758147512864,0.0,0,0,0,0.10682106484560565
82,static,drift,0.0,1,0.8826758147512864,0.8895715992490186,0.006895784497732205,13,3250,1,0.10682106484560565
82,static,anchor_replay,0.0,1,0.8826758147512864,0.8925591690788354,0.009883354327548943,13,2848,1,0.10682106484560565
82,static,static,0.0,3,0.8826758147512864,0.8826758147512864,0.0,0,0,0,0.10682106484560565
82,static,drift,0.0,3,0.8826758147512864,0.8868344461564801,0.00415863140519368,13,3250,1,0.10682106484560565
82,static,anchor_replay,0.0,3,0.8826758147512864,0.8867956841924988,0.004119869441212343,13,2823,1,0.10682106484560565
82,static,static,0.0,5,0.8826758147512864,0.8826758147512864,0.0,0,0,0,0.10682106484560565
82,static,drift,0.0,5,0.8826758147512864,0.8828890799656062,0.00021326521431974665,13,3250,1,0.10682106484560565
82,static,anchor_replay,0.0,5,0.8826758147512864,0.8818166179253397,-0.0008591968259467064,13,2789,1,0.10682106484560565
82,static,static,0.4,1,0.8826758147512864,0.8826758147512864,0.0,0,0,0,0.10682106484560565
82,static,drift,0.4,1,0.8826758147512864,0.8696707105719237,-0.013005104179362736,13,3250,1,0.10682106484560565
82,static,anchor_replay,0.4,1,0.8826758147512864,0.8874466268146883,0.004770812063401908,13,1858,1,0.10682106484560565
82,static,static,0.4,3,0.8826758147512864,0.8826758147512864,0.0,0,0,0,0.10682106484560565
82,static,drift,0.4,3,0.8826758147512864,0.8750862663906143,-0.00758954836067216,13,3250,1,0.10682106484560565
82,static,anchor_replay,0.4,3,0.8826758147512864,0.8833619210977701,0.0006861063464836947,13,1890,1,0.10682106484560565
82,static,static,0.4,5,0.8826758147512864,0.8826758147512864,0.0,0,0,0,0.10682106484560565
82,static,drift,0.4,5,0.8826758147512864,0.8785689714482284,-0.004106843303057994,13,3250,1,0.10682106484560565
82,static,anchor_replay,0.4,5,0.8826758147512864,0.882484131068794,-0.0001916836824924495,13,1863,1,0.10682106484560565
82,gradual,static,0.0,1,0.7842478536767451,0.7842478536767451,0.0,0,0,0,0.10682106484560565
82,gradual,drift,0.0,1,0.7842478536767451,0.7978566149297857,0.013608761253040558,13,3250,1,0.10682106484560565
82,gradual,anchor_replay,0.0,1,0.7842478536767451,0.79242480505013,0.008176951373384922,13,2343,1,0.10682106484560565
82,gradual,static,0.0,3,0.7842478536767451,0.7842478536767451,0.0,0,0,0,0.10682106484560565
82,gradual,drift,0.0,3,0.7842478536767451,0.7907755253859029,0.006527671709157801,13,3250,1,0.10682106484560565
82,gradual,anchor_replay,0.0,3,0.7842478536767451,0.7839101964452759,-0.0003376572314691684,13,2283,1,0.10682106484560565
82,gradual,static,0.0,5,0.7842478536767451,0.7842478536767451,0.0,0,0,0,0.10682106484560565
82,gradual,drift,0.0,5,0.7842478536767451,0.7842036309189594,-4.4222757785705724e-05,13,3250,1,0.10682106484560565
82,gradual,anchor_replay,0.0,5,0.7842478536767451,0.7784251080623943,-0.0058227456143508105,13,2259,1,0.10682106484560565
82,gradual,static,0.4,1,0.7842478536767451,0.7842478536767451,0.0,0,0,0,0.10682106484560565
82,gradual,drift,0.4,1,0.7842478536767451,0.7820728291316527,-0.002175024545092441,13,3250,1,0.10682106484560565
82,gradual,anchor_replay,0.4,1,0.7842478536767451,0.7867386850437698,0.0024908313670246596,13,1770,1,0.10682106484560565
82,gradual,static,0.4,3,0.7842478536767451,0.7842478536767451,0.0,0,0,0,0.10682106484560565
82,gradual,drift,0.4,3,0.7842478536767451,0.7853949329359166,0.0011470792591714574,13,3250,1,0.10682106484560565
82,gradual,anchor_replay,0.4,3,0.7842478536767451,0.7822671156004489,-0.0019807380762961735,13,1753,1,0.10682106484560565
82,gradual,static,0.4,5,0.7842478536767451,0.7842478536767451,0.0,0,0,0,0.10682106484560565
82,gradual,drift,0.4,5,0.7842478536767451,0.7887794909901542,0.004531637313409109,13,3250,1,0.10682106484560565
82,gradual,anchor_replay,0.4,5,0.7842478536767451,0.7801498127340823,-0.004098040942662751,13,1733,1,0.10682106484560565
82,abrupt,static,0.0,1,0.636668061950607,0.636668061950607,0.0,0,0,0,0.10682106484560565
82,abrupt,drift,0.0,1,0.636668061950607,0.7605258144408459,0.12385775249023889,13,3250,1,0.10682106484560565
82,abrupt,anchor_replay,0.0,1,0.636668061950607,0.6589690721649485,0.0223010102143415,13,1984,1,0.10682106484560565
82,abrupt,static,0.0,3,0.636668061950607,0.636668061950607,0.0,0,0,0,0.10682106484560565
82,abrupt,drift,0.0,3,0.636668061950607,0.6980376451742091,0.06136958322360209,13,3250,1,0.10682106484560565
82,abrupt,anchor_replay,0.0,3,0.636668061950607,0.6449864498644986,0.008318387913891612,13,2324,1,0.10682106484560565
82,abrupt,static,0.0,5,0.636668061950607,0.636668061950607,0.0,0,0,0,0.10682106484560565
82,abrupt,drift,0.0,5,0.636668061950607,0.6341463414634146,-0.002521720487192347,13,3250,1,0.10682106484560565
82,abrupt,anchor_replay,0.0,5,0.636668061950607,0.6330178759200841,-0.0036501860305229172,13,2661,1,0.10682106484560565
82,abrupt,static,0.4,1,0.636668061950607,0.636668061950607,0.0,0,0,0,0.10682106484560565
82,abrupt,drift,0.4,1,0.636668061950607,0.6861402095084609,0.049472147557853896,13,3250,1,0.10682106484560565
82,abrupt,anchor_replay,0.4,1,0.636668061950607,0.6289202273205641,-0.007747834630042916,13,1634,1,0.10682106484560565
82,abrupt,static,0.4,3,0.636668061950607,0.636668061950607,0.0,0,0,0,0.10682106484560565
82,abrupt,drift,0.4,3,0.636668061950607,0.6584362139917695,0.02176815204116256,13,3250,1,0.10682106484560565
82,abrupt,anchor_replay,0.4,3,0.636668061950607,0.6320655599915949,-0.0046025019590121286,13,1737,1,0.10682106484560565
82,abrupt,static,0.4,5,0.636668061950607,0.636668061950607,0.0,0,0,0,0.10682106484560565
82,abrupt,drift,0.4,5,0.636668061950607,0.6319765002098195,-0.004691561740787442,13,3250,1,0.10682106484560565
82,abrupt,anchor_replay,0.4,5,0.636668061950607,0.6352398910538446,-0.001428170896762393,13,1836,1,0.10682106484560565
82,oscillating,static,0.0,1,0.764181369759059,0.764181369759059,0.0,0,0,0,0.10682106484560565
82,oscillating,drift,0.0,1,0.764181369759059,0.7772975004698365,0.01311613071077744,13,3250,1,0.10682106484560565
82,oscillating,anchor_replay,0.0,1,0.764181369759059,0.7783621337340345,0.014180763974975474,13,2418,1,0.10682106484560565
82,oscillating,static,0.0,3,0.764181369759059,0.764181369759059,0.0,0,0,0,0.10682106484560565
82,oscillating,drift,0.0,3,0.764181369759059,0.7757484466202221,0.011567076861163095,13,3250,1,0.10682106484560565
82,oscillating,anchor_replay,0.0,3,0.764181369759059,0.7694055282090118,0.0052241584499527205,13,2390,1,0.10682106484560565
82,oscillating,static,0.0,5,0.764181369759059,0.764181369759059,0.0,0,0,0,0.10682106484560565
82,oscillating,drift,0.0,5,0.764181369759059,0.7675962815405046,0.0034149117814455954,13,3250,1,0.10682106484560565
82,oscillating,anchor_replay,0.0,5,0.764181369759059,0.76166888931225,-0.0025124804468090733,13,2507,1,0.10682106484560565
82,oscillating,static,0.4,1,0.764181369759059,0.764181369759059,0.0,0,0,0,0.10682106484560565
82,oscillating,drift,0.4,1,0.764181369759059,0.7532020646147964,-0.010979305144262597,13,3250,1,0.10682106484560565
82,oscillating,anchor_replay,0.4,1,0.764181369759059,0.7697828139754486,0.005601444216389528,13,1777,1,0.10682106484560565
82,oscillating,static,0.4,3,0.764181369759059,0.764181369759059,0.0,0,0,0,0.10682106484560565
82,oscillating,drift,0.4,3,0.764181369759059,0.7618685909608811,-0.002312778798177928,13,3250,1,0.10682106484560565
82,oscillating,anchor_replay,0.4,3,0.764181369759059,0.7632978723404256,-0.0008834974186334721,13,1762,1,0.10682106484560565
82,oscillating,static,0.4,5,0.764181369759059,0.764181369759059,0.0,0,0,0,0.10682106484560565
82,oscillating,drift,0.4,5,0.764181369759059,0.7606918836723057,-0.0034894860867533684,13,3250,1,0.10682106484560565
82,oscillating,anchor_replay,0.4,5,0.764181369759059,0.7637122793698994,-0.0004690903891596543,13,1816,1,0.10682106484560565
82,stealth,static,0.0,1,0.30099113197704747,0.30099113197704747,0.0,0,0,0,0.10682106484560565
82,stealth,drift,0.0,1,0.30099113197704747,0.41471734892787526,0.1137262169508278,13,3250,1,0.10682106484560565
82,stealth,anchor_replay,0.0,1,0.30099113197704747,0.3284502698535081,0.02745913787646065,13,1037,1,0.10682106484560565
82,stealth,static,0.0,3,0.30099113197704747,0.30099113197704747,0.0,0,0,0,0.10682106484560565
82,stealth,drift,0.0,3,0.30099113197704747,0.3837931891623167,0.08280205718526923,13,3250,1,0.10682106484560565
82,stealth,anchor_replay,0.0,3,0.30099113197704747,0.3125649013499481,0.01157376937290061,13,1358,1,0.10682106484560565
82,stealth,static,0.0,5,0.30099113197704747,0.30099113197704747,0.0,0,0,0,0.10682106484560565
82,stealth,drift,0.0,5,0.30099113197704747,0.3566911206678472,0.05569998869079973,13,3250,1,0.10682106484560565
82,stealth,anchor_replay,0.0,5,0.30099113197704747,0.30331506134168623,0.002323929364638766,13,1664,1,0.10682106484560565
82,stealth,static,0.4,1,0.30099113197704747,0.30099113197704747,0.0,0,0,0,0.10682106484560565
82,stealth,drift,0.4,1,0.30099113197704747,0.3455098934550989,0.04451876147805145,13,3250,1,0.10682106484560565
82,stealth,anchor_replay,0.4,1,0.30099113197704747,0.2969934640522876,-0.003997667924759862,13,1459,1,0.10682106484560565
82,stealth,static,0.4,3,0.30099113197704747,0.30099113197704747,0.0,0,0,0,0.10682106484560565
82,stealth,drift,0.4,3,0.30099113197704747,0.3472750316856781,0.046283899708630616,13,3250,1,0.10682106484560565
82,stealth,anchor_replay,0.4,3,0.30099113197704747,0.2917869325636316,-0.009204199413415881,13,1551,1,0.10682106484560565
82,stealth,static,0.4,5,0.30099113197704747,0.30099113197704747,0.0,0,0,0,0.10682106484560565
82,stealth,drift,0.4,5,0.30099113197704747,0.33248081841432225,0.03148968643727479,13,3250,1,0.10682106484560565
82,stealth,anchor_replay,0.4,5,0.30099113197704747,0.2969934640522876,-0.003997667924759862,13,1602,1,0.10682106484560565
82,hybrid,static,0.0,1,0.5025287356321839,0.5025287356321839,0.0,0,0,0,0.10682106484560565
82,hybrid,drift,0.0,1,0.5025287356321839,0.7083581496922772,0.20582941406009325,13,3250,1,0.10682106484560565
82,hybrid,anchor_replay,0.0,1,0.5025287356321839,0.5823888404533566,0.07986010482117267,13,1685,1,0.10682106484560565
82,hybrid,static,0.0,3,0.5025287356321839,0.5025287356321839,0.0,0,0,0,0.10682106484560565
82,hybrid,drift,0.0,3,0.5025287356321839,0.620118845500849,0.11759010986866503,13,3250,1,0.10682106484560565
82,hybrid,anchor_replay,0.0,3,0.5025287356321839,0.5196993851058984,0.017170649473714494,13,1871,1,0.10682106484560565
82,hybrid,static,0.0,5,0.5025287356321839,0.5025287356321839,0.0,0,0,0,0.10682106484560565
82,hybrid,drift,0.0,5,0.5025287356321839,0.5428443248093315,0.040315589177147615,13,3250,1,0.10682106484560565
82,hybrid,anchor_replay,0.0,5,0.5025287356321839,0.4939759036144578,-0.008552832017726109,13,2203,1,0.10682106484560565
82,hybrid,static,0.4,1,0.5025287356321839,0.5025287356321839,0.0,0,0,0,0.10682106484560565
82,hybrid,drift,0.4,1,0.5025287356321839,0.5986248388483025,0.09609610321611861,13,3250,1,0.10682106484560565
82,hybrid,anchor_replay,0.4,1,0.5025287356321839,0.500115127791849,-0.0024136078403349526,13,1568,1,0.10682106484560565
82,hybrid,static,0.4,3,0.5025287356321839,0.5025287356321839,0.0,0,0,0,0.10682106484560565
82,hybrid,drift,0.4,3,0.5025287356321839,0.5568835768038956,0.05435484117171163,13,3250,1,0.10682106484560565
82,hybrid,anchor_replay,0.4,3,0.5025287356321839,0.49514563106796117,-0.007383104564222753,13,1691,1,0.10682106484560565
82,hybrid,static,0.4,5,0.5025287356321839,0.5025287356321839,0.0,0,0,0,0.10682106484560565
82,hybrid,drift,0.4,5,0.5025287356321839,0.5255540479421077,0.023025312309923773,13,3250,1,0.10682106484560565
82,hybrid,anchor_replay,0.4,5,0.5025287356321839,0.4952644952644953,-0.007264240367688635,13,1725,1,0.10682106484560565
